### next string,,,,,,,,,,,,,,,,,
Julian 1,Lockhart 3,AU-300y,2300,1695,-3.4,10.1
,,,,,,,SOLO,1786753929978,Sat Aug 15 2026 00:32:09 GMT+0000 (UTC),0,,sighter,1,284.3,-37.4,581.1,18.2,
,,,,,,,SOLO,1786753973642,Sat Aug 15 2026 00:32:53 GMT+0000 (UTC),0,,sighter,3,-142.5,-90.3,568.7,18.3,
,,,,,,,SOLO,1786753998720,Sat Aug 15 2026 00:33:18 GMT+0000 (UTC),0,,,4,68.8,-89.4,569.4,18.4,
,,,,,,,SOLO,1786754018535,Sat Aug 15 2026 00:33:38 GMT+0000 (UTC),0,,,4,4.2,-112.7,574.5,18.1,
,,,,,,,SOLO,1786754037310,Sat Aug 15 2026 00:33:57 GMT+0000 (UTC),0,,,4,-18,-122.1,573.3,18.1,
,,,,,,,SOLO,1786754055998,Sat Aug 15 2026 00:34:15 GMT+0000 (UTC),0,,,5,-18.4,-58.2,565.2,18.4,
,,,,,,,SOLO,1786754086530,Sat Aug 15 2026 00:34:46 GMT+0000 (UTC),0,,,5,57.5,-26,566.7,18.6,
,,,,,,,SOLO,1786754105294,Sat Aug 15 2026 00:35:05 GMT+0000 (UTC),0,,,4,60,35.4,568.3,18.7,
,,,,,,,SOLO,1786754122638,Sat Aug 15 2026 00:35:22 GMT+0000 (UTC),0,,,5,-18.3,-49.7,567,18.5,
,,,,,,,SOLO,1786754141779,Sat Aug 15 2026 00:35:41 GMT+0000 (UTC),0,,,4,31.4,-91.4,563,18.6,
,,,,,,,SOLO,1786754159593,Sat Aug 15 2026 00:35:59 GMT+0000 (UTC),0,,,5,-45.9,-16.7,565.3,18.6,
,,,,,,,SOLO,1786754172428,Sat Aug 15 2026 00:36:12 GMT+0000 (UTC),0,,,5,38.4,5.4,564.6,18.5,
### next string,,,,,,,,,,,,,,,,,
Mango 1,Lockhart 3,AU-300y,2300,1695,-3.4,10.1
,,,,,,,SOLO,1786754589434,Sat Aug 15 2026 00:43:09 GMT+0000 (UTC),0,,sighter,4,-121.4,-16.6,665.7,18.8,
,,,,,,,SOLO,1786754654369,Sat Aug 15 2026 00:44:14 GMT+0000 (UTC),0,,sighter,4,-82.1,-53.8,657.8,18.6,
,,,,,,,SOLO,1786754687074,Sat Aug 15 2026 00:44:47 GMT+0000 (UTC),0,,,4,-57.5,-49.4,663.8,19,
,,,,,,,SOLO,1786754710894,Sat Aug 15 2026 00:45:10 GMT+0000 (UTC),0,,,X,4.6,-9.5,669.3,18.9,
,,,,,,,SOLO,1786754726214,Sat Aug 15 2026 00:45:26 GMT+0000 (UTC),0,,,5,34.3,-35.8,654.6,18.9,
,,,,,,,SOLO,1786754739645,Sat Aug 15 2026 00:45:39 GMT+0000 (UTC),0,,,6,-17.9,-19.6,662.7,19,
,,,,,,,SOLO,1786754757533,Sat Aug 15 2026 00:45:57 GMT+0000 (UTC),0,,,5,-8.1,-36.1,663.4,18.9,
,,,,,,,SOLO,1786754777417,Sat Aug 15 2026 00:46:17 GMT+0000 (UTC),0,,,X,-3.4,10.9,659,19,
,,,,,,,SOLO,1786754891550,Sat Aug 15 2026 00:48:11 GMT+0000 (UTC),0,,,5,-17.3,-51.3,657.7,19.4,
,,,,,,,SOLO,1786755078883,Sat Aug 15 2026 00:51:18 GMT+0000 (UTC),0,,,6,8.6,-26.4,665.7,19.2,
,,,,,,,SOLO,1786755127589,Sat Aug 15 2026 00:52:07 GMT+0000 (UTC),0,,,6,-33.6,9.3,673.6,19.2,
,,,,,,,SOLO,1786755150343,Sat Aug 15 2026 00:52:30 GMT+0000 (UTC),0,,,6,26,-11.6,656.5,19.4,
### next string,,,,,,,,,,,,,,,,,
Gc1,Lockhart 5,AU-300y,2300,1695,-12.8,10.8
,,,,,,,SOLO,1786754799053,Sat Aug 15 2026 00:46:39 GMT+0000 (UTC),0,,sighter,0,852.1,7.7,701.4,19.6,
,,,,,,,SOLO,1786755213462,Sat Aug 15 2026 00:53:33 GMT+0000 (UTC),0,,sighter,5,2.7,50.3,698.1,20.7,
,,,,,,,SOLO,1786755266516,Sat Aug 15 2026 00:54:26 GMT+0000 (UTC),0,,,5,50.9,30.8,703.5,19.8,
,,,,,,,SOLO,1786755290597,Sat Aug 15 2026 00:54:50 GMT+0000 (UTC),0,,,6,27,-15.9,696,21.9,
,,,,,,,SOLO,1786755310698,Sat Aug 15 2026 00:55:10 GMT+0000 (UTC),0,,,X,10.5,-9.1,708.5,19.8,
,,,,,,,SOLO,1786755351724,Sat Aug 15 2026 00:55:51 GMT+0000 (UTC),0,,,X,17.7,3.3,712.7,19.7,
,,,,,,,SOLO,1786755367520,Sat Aug 15 2026 00:56:07 GMT+0000 (UTC),0,,,5,-41.2,-16.4,705.8,19.8,
,,,,,,,SOLO,1786755390929,Sat Aug 15 2026 00:56:30 GMT+0000 (UTC),0,,,6,-24.3,-16.4,707.7,20,
,,,,,,,SOLO,1786755414743,Sat Aug 15 2026 00:56:54 GMT+0000 (UTC),0,,,X,17.9,-7.6,707.4,21.6,
,,,,,,,SOLO,1786755459976,Sat Aug 15 2026 00:57:39 GMT+0000 (UTC),0,,,6,12.9,16.6,709.7,21,
,,,,,,,SOLO,1786755471879,Sat Aug 15 2026 00:57:51 GMT+0000 (UTC),0,,,6,22,-2.5,703.6,20.9,
,,,,,,,SOLO,1786755485744,Sat Aug 15 2026 00:58:05 GMT+0000 (UTC),0,,,X,4.8,15.5,711.9,20.5,
### next string,,,,,,,,,,,,,,,,,
Julian 2,Lockhart 3,AU-300y,2300,1695,-3.4,10.1
,,,,,,,SOLO,1786755355605,Sat Aug 15 2026 00:55:55 GMT+0000 (UTC),0,,sighter,4,81.5,-14.4,578.9,19.4,
,,,,,,,SOLO,1786755373738,Sat Aug 15 2026 00:56:13 GMT+0000 (UTC),0,,,5,-10.2,-52.4,578.8,19.2,
,,,,,,,SOLO,1786755411664,Sat Aug 15 2026 00:56:51 GMT+0000 (UTC),0,,,5,-39.4,15.7,588.2,19.4,
,,,,,,,SOLO,1786755427322,Sat Aug 15 2026 00:57:07 GMT+0000 (UTC),0,,,4,-18.3,82.5,585.2,19.7,
,,,,,,,SOLO,1786755449492,Sat Aug 15 2026 00:57:29 GMT+0000 (UTC),0,,,4,33.4,-72,587.3,19.8,
,,,,,,,SOLO,1786755461550,Sat Aug 15 2026 00:57:41 GMT+0000 (UTC),0,,,3,-62.7,175.5,583.5,19.7,
,,,,,,,SOLO,1786755474731,Sat Aug 15 2026 00:57:54 GMT+0000 (UTC),0,,,3,141.3,23.8,581.1,19.9,
,,,,,,,SOLO,1786755500716,Sat Aug 15 2026 00:58:20 GMT+0000 (UTC),0,,,4,116.5,55.7,580.5,19.8,
,,,,,,,SOLO,1786755531208,Sat Aug 15 2026 00:58:51 GMT+0000 (UTC),0,,,3,-165.8,63.9,585.4,19.4,
,,,,,,,SOLO,1786755552624,Sat Aug 15 2026 00:59:12 GMT+0000 (UTC),0,,,3,-41.2,129.9,579.7,19.6,
,,,,,,,SOLO,1786755567795,Sat Aug 15 2026 00:59:27 GMT+0000 (UTC),0,,,3,137.3,13.8,566.1,19.9,
### next string,,,,,,,,,,,,,,,,,
Mango 2,Lockhart 3,AU-300y,2300,1695,-3.4,10.1
,,,,,,,SOLO,1786755829988,Sat Aug 15 2026 01:03:49 GMT+0000 (UTC),0,,,6,34.8,-2.5,666.8,20.3,
,,,,,,,SOLO,1786755860286,Sat Aug 15 2026 01:04:20 GMT+0000 (UTC),0,,,5,41.1,34.7,667.8,20.1,
,,,,,,,SOLO,1786755906218,Sat Aug 15 2026 01:05:06 GMT+0000 (UTC),0,,,5,22.2,37.8,660.7,20.2,
,,,,,,,SOLO,1786755933545,Sat Aug 15 2026 01:05:33 GMT+0000 (UTC),0,,,X,3.4,-14.8,669.6,20.4,
,,,,,,,SOLO,1786755962078,Sat Aug 15 2026 01:06:02 GMT+0000 (UTC),0,,,X,10.6,9.8,664,20.4,
,,,,,,,SOLO,1786755995405,Sat Aug 15 2026 01:06:35 GMT+0000 (UTC),0,,,X,19.4,-4.1,660.9,20.5,
,,,,,,,SOLO,1786756017047,Sat Aug 15 2026 01:06:57 GMT+0000 (UTC),0,,,6,20.2,13.5,662.9,20.3,
,,,,,,,SOLO,1786756044284,Sat Aug 15 2026 01:07:24 GMT+0000 (UTC),0,,,5,-18.7,40.9,663.2,20.8,
,,,,,,,SOLO,1786756066921,Sat Aug 15 2026 01:07:46 GMT+0000 (UTC),0,,,5,62.5,6.2,666.1,20.8,
,,,,,,,SOLO,1786756086358,Sat Aug 15 2026 01:08:06 GMT+0000 (UTC),0,,,5,-10.7,42.7,665.4,20.7,
### next string,,,,,,,,,,,,,,,,,
Rich1,Lockhart 5,AU-300y,2300,1695,-12.8,10.8
,,,,,,,SOLO,1786755763804,Sat Aug 15 2026 01:02:43 GMT+0000 (UTC),0,,sighter,5,32.9,-49.3,701.5,20.2,
,,,,,,,SOLO,1786755805590,Sat Aug 15 2026 01:03:25 GMT+0000 (UTC),0,,sighter,5,-21,42.8,704.7,20.4,
,,,,,,,SOLO,1786755868096,Sat Aug 15 2026 01:04:28 GMT+0000 (UTC),0,,,5,39.4,3.8,703,20.3,
,,,,,,,SOLO,1786755904533,Sat Aug 15 2026 01:05:04 GMT+0000 (UTC),0,,,X,3.3,-5.6,708.8,20,
,,,,,,,SOLO,1786755925823,Sat Aug 15 2026 01:05:25 GMT+0000 (UTC),0,,,6,23.2,-3.2,704.4,20.5,
,,,,,,,SOLO,1786755974721,Sat Aug 15 2026 01:06:14 GMT+0000 (UTC),0,,,X,2,13.1,708.3,20.6,
,,,,,,,SOLO,1786755994397,Sat Aug 15 2026 01:06:34 GMT+0000 (UTC),0,,,6,-16.4,-17.4,704.2,20.7,
,,,,,,,SOLO,1786756015469,Sat Aug 15 2026 01:06:55 GMT+0000 (UTC),0,,,5,-40.3,20,703.3,20.6,
,,,,,,,SOLO,1786756046456,Sat Aug 15 2026 01:07:26 GMT+0000 (UTC),0,,,6,22.9,-11,708,20.8,
,,,,,,,SOLO,1786756069914,Sat Aug 15 2026 01:07:49 GMT+0000 (UTC),0,,,6,27.1,-10.1,703.5,20.7,
,,,,,,,SOLO,1786756096988,Sat Aug 15 2026 01:08:16 GMT+0000 (UTC),0,,,X,0.2,-2.4,705.3,21.1,
,,,,,,,SOLO,1786756117949,Sat Aug 15 2026 01:08:37 GMT+0000 (UTC),0,,,X,-6,-14.4,706.3,21,
### next string,,,,,,,,,,,,,,,,,
Gc2,Lockhart 5,AU-300y,2300,1695,-12.8,10.8
,,,,,,,SOLO,1786756376737,Sat Aug 15 2026 01:12:56 GMT+0000 (UTC),0,,,X,0.4,6.6,694.8,20.3,
,,,,,,,SOLO,1786756392973,Sat Aug 15 2026 01:13:12 GMT+0000 (UTC),0,,,X,12.1,14.3,705,21.1,
,,,,,,,SOLO,1786756408949,Sat Aug 15 2026 01:13:28 GMT+0000 (UTC),0,,,X,7.8,16,716,21.4,
,,,,,,,SOLO,1786756424102,Sat Aug 15 2026 01:13:44 GMT+0000 (UTC),0,,,6,-9.5,-21.4,712.7,21.3,
,,,,,,,SOLO,1786756444317,Sat Aug 15 2026 01:14:04 GMT+0000 (UTC),0,,,X,8.3,14.5,704.5,21.3,
,,,,,,,SOLO,1786756461646,Sat Aug 15 2026 01:14:21 GMT+0000 (UTC),0,,,6,11.9,22.2,716.1,21.6,
,,,,,,,SOLO,1786756493864,Sat Aug 15 2026 01:14:53 GMT+0000 (UTC),0,,,5,45.4,-33.4,706.9,21.2,
,,,,,,,SOLO,1786756511005,Sat Aug 15 2026 01:15:11 GMT+0000 (UTC),0,,,5,2,-38.6,702.4,20.9,
,,,,,,,SOLO,1786756526679,Sat Aug 15 2026 01:15:26 GMT+0000 (UTC),0,,,6,-5.7,-21.9,706.8,23.7,
,,,,,,,SOLO,1786756566769,Sat Aug 15 2026 01:16:06 GMT+0000 (UTC),0,,,6,14.9,-17.7,714.6,20.8,
,,,,,,,SOLO,1786756586431,Sat Aug 15 2026 01:16:26 GMT+0000 (UTC),0,,,X,17.1,8.8,707,21.9,
,,,,,,,SOLO,1786756602144,Sat Aug 15 2026 01:16:42 GMT+0000 (UTC),0,,,5,-28.7,33.9,702.1,20.9,
### next string,,,,,,,,,,,,,,,,,
Julian spare,Lockhart 3,AU-300y,2300,1695,-3.4,10.1
,,,,,,,SOLO,1786756348297,Sat Aug 15 2026 01:12:28 GMT+0000 (UTC),0,,sighter,4,102.4,1.6,567.5,20.5,
,,,,,,,SOLO,1786756381849,Sat Aug 15 2026 01:13:01 GMT+0000 (UTC),0,,sighter,3,142.7,-68,584.4,20.7,
,,,,,,,SOLO,1786756405574,Sat Aug 15 2026 01:13:25 GMT+0000 (UTC),0,,,5,37.4,13.8,585.1,20.7,
,,,,,,,SOLO,1786756425907,Sat Aug 15 2026 01:13:45 GMT+0000 (UTC),0,,,5,-51.3,13.9,576.9,20.7,
,,,,,,,SOLO,1786756451563,Sat Aug 15 2026 01:14:11 GMT+0000 (UTC),0,,,4,122.4,44.5,576.4,20.3,
,,,,,,,SOLO,1786756477549,Sat Aug 15 2026 01:14:37 GMT+0000 (UTC),0,,,3,127.2,-47.1,572.9,20.3,
,,,,,,,SOLO,1786756512631,Sat Aug 15 2026 01:15:12 GMT+0000 (UTC),0,,,4,94.5,-15.5,574.5,20.2,
,,,,,,,SOLO,1786756545334,Sat Aug 15 2026 01:15:45 GMT+0000 (UTC),0,,,4,131.2,7.4,568.5,20.4,
,,,,,,,SOLO,1786756580683,Sat Aug 15 2026 01:16:20 GMT+0000 (UTC),0,,,5,41.1,52.2,583.6,20.3,
,,,,,,,SOLO,1786756599429,Sat Aug 15 2026 01:16:39 GMT+0000 (UTC),0,,,V,5.8,-25.2,588.3,20.1,
,,,,,,,SOLO,1786756622716,Sat Aug 15 2026 01:17:02 GMT+0000 (UTC),0,,,V,-13.9,-5.2,572.8,20,
,,,,,,,SOLO,1786756642813,Sat Aug 15 2026 01:17:22 GMT+0000 (UTC),0,,,4,73.6,24.4,575.7,19.7,
### next string,,,,,,,,,,,,,,,,,
Rich2,Lockhart 5,AU-300y,2300,1695,-12.8,10.8
,,,,,,,SOLO,1786756962265,Sat Aug 15 2026 01:22:42 GMT+0000 (UTC),0,,sighter,5,64.7,-1.8,704.9,19.3,
,,,,,,,SOLO,1786757070284,Sat Aug 15 2026 01:24:30 GMT+0000 (UTC),0,,,6,16.3,18,706.4,19.9,
,,,,,,,SOLO,1786757110424,Sat Aug 15 2026 01:25:10 GMT+0000 (UTC),0,,,4,-73,20.5,703.3,19.6,
,,,,,,,SOLO,1786757172688,Sat Aug 15 2026 01:26:12 GMT+0000 (UTC),0,,,6,35.4,5.7,704.6,19.6,
,,,,,,,SOLO,1786757197253,Sat Aug 15 2026 01:26:37 GMT+0000 (UTC),0,,,X,16.5,1.1,705.5,19.9,
,,,,,,,SOLO,1786757226218,Sat Aug 15 2026 01:27:06 GMT+0000 (UTC),0,,,X,10.9,-7.6,701.7,20.1,
,,,,,,,SOLO,1786757248976,Sat Aug 15 2026 01:27:28 GMT+0000 (UTC),0,,,X,9.5,-3.4,700.5,20,
,,,,,,,SOLO,1786757269299,Sat Aug 15 2026 01:27:49 GMT+0000 (UTC),0,,,5,41.1,-10.4,704.7,18.9,
,,,,,,,SOLO,1786757295336,Sat Aug 15 2026 01:28:15 GMT+0000 (UTC),0,,,X,-14.8,-6.3,699,19.8,
,,,,,,,SOLO,1786757315337,Sat Aug 15 2026 01:28:35 GMT+0000 (UTC),0,,,6,-20.5,-20,701.2,19.8,
,,,,,,,SOLO,1786757335867,Sat Aug 15 2026 01:28:55 GMT+0000 (UTC),0,,,X,-0.6,18,703.6,18.7,
### next string,,,,,,,,,,,,,,,,,
Rich3,Lockhart 5,AU-300y,2300,1695,-12.8,10.8
,,,,,,,SOLO,1786757856564,Sat Aug 15 2026 01:37:36 GMT+0000 (UTC),0,,sighter,5,-35.6,31.7,688,19.7,
,,,,,,,SOLO,1786757891313,Sat Aug 15 2026 01:38:11 GMT+0000 (UTC),0,,sighter,X,1.4,10.3,684.4,19.7,
,,,,,,,SOLO,1786757913954,Sat Aug 15 2026 01:38:33 GMT+0000 (UTC),0,,,5,-36.4,20.6,683,19.9,
,,,,,,,SOLO,1786757935951,Sat Aug 15 2026 01:38:55 GMT+0000 (UTC),0,,,6,-4,26.5,676.6,19.2,
,,,,,,,SOLO,1786757957896,Sat Aug 15 2026 01:39:17 GMT+0000 (UTC),0,,,6,32.4,-16,689.2,20.1,
,,,,,,,SOLO,1786757980693,Sat Aug 15 2026 01:39:40 GMT+0000 (UTC),0,,,6,-26.6,-20.8,687.9,19.6,
,,,,,,,SOLO,1786758001395,Sat Aug 15 2026 01:40:01 GMT+0000 (UTC),0,,,5,12.7,-49.7,684.7,19.4,
,,,,,,,SOLO,1786758023988,Sat Aug 15 2026 01:40:23 GMT+0000 (UTC),0,,,5,-1.4,-47.5,684.8,19.8,
### next string,,,,,,,,,,,,,,,,,
Go 2,Lockhart 2,AU-500y,2300,1695,1.9,10
,,,,,,,SOLO,1787358949848,Sat Aug 22 2026 00:35:49 GMT+0000 (UTC),0,,sighter,4,-64.1,-150,607.6,23.1,
,,,,,,,SOLO,1787358979641,Sat Aug 22 2026 00:36:19 GMT+0000 (UTC),0,,sighter,5,-68.3,86.5,633,22,
,,,,,,,SOLO,1787359005040,Sat Aug 22 2026 00:36:45 GMT+0000 (UTC),0,,,6,-30.5,-58,618.2,21.9,
,,,,,,,SOLO,1787359031770,Sat Aug 22 2026 00:37:11 GMT+0000 (UTC),0,,,5,67.9,-22.8,622.9,22.4,
,,,,,,,SOLO,1787359057679,Sat Aug 22 2026 00:37:37 GMT+0000 (UTC),0,,,6,9.4,-36.4,619.1,22.1,
,,,,,,,SOLO,1787359067616,Sat Aug 22 2026 00:37:47 GMT+0000 (UTC),0,,,5,-73.5,14.9,612.9,21.9,
,,,,,,,SOLO,1787359091888,Sat Aug 22 2026 00:38:11 GMT+0000 (UTC),0,,,6,-27.4,44.3,615.9,21.9,
,,,,,,,SOLO,1787359106939,Sat Aug 22 2026 00:38:26 GMT+0000 (UTC),0,,,6,-26.4,25.6,610.5,21.8,
,,,,,,,SOLO,1787359121568,Sat Aug 22 2026 00:38:41 GMT+0000 (UTC),0,,,6,33.3,40.4,625.5,21.9,
,,,,,,,SOLO,1787359133194,Sat Aug 22 2026 00:38:53 GMT+0000 (UTC),0,,,6,-1.6,37.8,622.1,21.8,
,,,,,,,SOLO,1787359150602,Sat Aug 22 2026 00:39:10 GMT+0000 (UTC),0,,,6,-42.8,12.2,613.5,23.1,
,,,,,,,SOLO,1787359158990,Sat Aug 22 2026 00:39:18 GMT+0000 (UTC),0,,,X,-1,32.2,607.1,21.3,
### next string,,,,,,,,,,,,,,,,,
G,Lockhart 2,AU-500y,2300,1695,1.9,10
,,,,,,,SOLO,1787359527814,Sat Aug 22 2026 00:45:27 GMT+0000 (UTC),0,,sighter,4,24.1,-198,598.4,20.2,
### next string,,,,,,,,,,,,,,,,,
Scott1,Lockhart 4,AU-500y,2300,1695,-12.5,23.8
,,,,,,,SOLO,1787359290786,Sat Aug 22 2026 00:41:30 GMT+0000 (UTC),0,,sighter,3,-429.2,52.1,597.7,20.7,
,,,,,,,SOLO,1787359437065,Sat Aug 22 2026 00:43:57 GMT+0000 (UTC),0,,,V,26.3,-28.1,588.6,19.6,
,,,,,,,SOLO,1787359508630,Sat Aug 22 2026 00:45:08 GMT+0000 (UTC),0,,,5,27.3,84.9,597.3,19.9,
,,,,,,,SOLO,1787359559583,Sat Aug 22 2026 00:45:59 GMT+0000 (UTC),0,,,5,70,1.4,608.2,22.2,
,,,,,,,SOLO,1787359622001,Sat Aug 22 2026 00:47:02 GMT+0000 (UTC),0,,,5,79.8,-46.2,608.7,20.4,
,,,,,,,SOLO,1787359672151,Sat Aug 22 2026 00:47:52 GMT+0000 (UTC),0,,,V,-14.2,-40.7,590.4,20.5,
,,,,,,,SOLO,1787359762030,Sat Aug 22 2026 00:49:22 GMT+0000 (UTC),0,,,V,-7.6,33.5,606.2,21.3,
,,,,,,,SOLO,1787359880271,Sat Aug 22 2026 00:51:20 GMT+0000 (UTC),0,,,5,-76.7,2.1,604.4,21.3,
,,,,,,,SOLO,1787359938389,Sat Aug 22 2026 00:52:18 GMT+0000 (UTC),0,,,V,-66,13.9,602.1,21.2,
,,,,,,,SOLO,1787359985347,Sat Aug 22 2026 00:53:05 GMT+0000 (UTC),0,,,5,69,-19.2,619.1,21.2,
,,,,,,,SOLO,1787359988202,Sat Aug 22 2026 00:53:08 GMT+0000 (UTC),0,,,V,-29.9,28.6,594.3,22.7,
,,,,,,,SOLO,1787360070383,Sat Aug 22 2026 00:54:30 GMT+0000 (UTC),0,,,V,50.7,17.9,601.6,20.4,
### next string,,,,,,,,,,,,,,,,,
Graeme M,Lockhart 2,AU-500y,2300,1695,1.9,10
,,,,,,,SOLO,1787359625675,Sat Aug 22 2026 00:47:05 GMT+0000 (UTC),0,,,5,98.4,39.5,600.8,20.7,
,,,,,,,SOLO,1787359658376,Sat Aug 22 2026 00:47:38 GMT+0000 (UTC),0,,,X,-6.3,-12.8,608.7,21.1,
,,,,,,,SOLO,1787359700836,Sat Aug 22 2026 00:48:20 GMT+0000 (UTC),0,,,5,102.8,-75,585.7,21.3,
,,,,,,,SOLO,1787359732734,Sat Aug 22 2026 00:48:52 GMT+0000 (UTC),0,,,5,40.5,-102.2,594.9,21.3,
,,,,,,,SOLO,1787359832867,Sat Aug 22 2026 00:50:32 GMT+0000 (UTC),0,,,5,44.1,61.6,611.5,21.3,
,,,,,,,SOLO,1787359923656,Sat Aug 22 2026 00:52:03 GMT+0000 (UTC),0,,,5,87.1,59.1,605.8,20.9,
,,,,,,,SOLO,1787359954500,Sat Aug 22 2026 00:52:34 GMT+0000 (UTC),0,,,X,-10.5,-21.7,603.8,21.7,
,,,,,,,SOLO,1787360059960,Sat Aug 22 2026 00:54:19 GMT+0000 (UTC),0,,,6,32.7,60.4,603.9,20.4,
,,,,,,,SOLO,1787360168557,Sat Aug 22 2026 00:56:08 GMT+0000 (UTC),0,,,4,140.2,-1.8,614.3,20.3,
,,,,,,,SOLO,1787360267190,Sat Aug 22 2026 00:57:47 GMT+0000 (UTC),0,,,5,94.4,-11.6,610.7,21.8,
### next string,,,,,,,,,,,,,,,,,
Rich1,Lockhart 4,AU-500y,2300,1695,-12.5,23.8
,,,,,,,SOLO,1787360433181,Sat Aug 22 2026 01:00:33 GMT+0000 (UTC),0,,sighter,6,61.5,13.3,604.8,19.2,
,,,,,,,SOLO,1787360464178,Sat Aug 22 2026 01:01:04 GMT+0000 (UTC),0,,sighter,5,27.7,108.1,617.6,19.2,
,,,,,,,SOLO,1787360513373,Sat Aug 22 2026 01:01:53 GMT+0000 (UTC),0,,,5,-43.7,59,610.1,19.4,
,,,,,,,SOLO,1787360546410,Sat Aug 22 2026 01:02:26 GMT+0000 (UTC),0,,,6,-57.5,-32.2,622.3,19.4,
,,,,,,,SOLO,1787360575481,Sat Aug 22 2026 01:02:55 GMT+0000 (UTC),0,,,6,-42.7,-7.3,617.8,19.3,
,,,,,,,SOLO,1787360597286,Sat Aug 22 2026 01:03:17 GMT+0000 (UTC),0,,,6,-45.3,24.9,619.2,19.4,
,,,,,,,SOLO,1787360617459,Sat Aug 22 2026 01:03:37 GMT+0000 (UTC),0,,,5,-101.9,12.7,625,18.8,
,,,,,,,SOLO,1787360650807,Sat Aug 22 2026 01:04:10 GMT+0000 (UTC),0,,,5,53.6,-53,621.8,19.1,
,,,,,,,SOLO,1787360686408,Sat Aug 22 2026 01:04:46 GMT+0000 (UTC),0,,,5,-69,-46.2,621.2,19,
,,,,,,,SOLO,1787360729321,Sat Aug 22 2026 01:05:29 GMT+0000 (UTC),0,,,6,58.2,-10.4,617.4,19.6,
,,,,,,,SOLO,1787360755164,Sat Aug 22 2026 01:05:55 GMT+0000 (UTC),0,,,6,60.9,-4,609.8,21.6,
,,,,,,,SOLO,1787360784619,Sat Aug 22 2026 01:06:24 GMT+0000 (UTC),0,,,6,38.3,42.7,607.2,18.5,
### next string,,,,,,,,,,,,,,,,,
Paul 1,Lockhart 2,AU-500y,2300,1695,1.9,10
,,,,,,,SOLO,1787360696689,Sat Aug 22 2026 01:04:56 GMT+0000 (UTC),0,,,6,-27,35.4,604.6,19,
,,,,,,,SOLO,1787360714184,Sat Aug 22 2026 01:05:14 GMT+0000 (UTC),0,,,6,40.9,7.8,610.2,20.3,
,,,,,,,SOLO,1787360727983,Sat Aug 22 2026 01:05:27 GMT+0000 (UTC),0,,,5,54.3,73.6,612.1,18.3,
,,,,,,,SOLO,1787360748501,Sat Aug 22 2026 01:05:48 GMT+0000 (UTC),0,,,4,133,-34.3,607.4,18.9,
,,,,,,,SOLO,1787360811969,Sat Aug 22 2026 01:06:51 GMT+0000 (UTC),0,,,4,163.1,23.5,613.2,18.6,
,,,,,,,SOLO,1787360840644,Sat Aug 22 2026 01:07:20 GMT+0000 (UTC),0,,,5,-69.8,50.2,625,18.6,
,,,,,,,SOLO,1787360865965,Sat Aug 22 2026 01:07:45 GMT+0000 (UTC),0,,,6,-32.7,18.6,619.7,18.6,
,,,,,,,SOLO,1787360883731,Sat Aug 22 2026 01:08:03 GMT+0000 (UTC),0,,,5,14.8,-83.7,612.1,17.1,
,,,,,,,SOLO,1787360904109,Sat Aug 22 2026 01:08:24 GMT+0000 (UTC),0,,,X,13.1,-27.5,606.8,21.4,
,,,,,,,SOLO,1787360917174,Sat Aug 22 2026 01:08:37 GMT+0000 (UTC),0,,,X,13.6,-6.1,608.2,18,
### next string,,,,,,,,,,,,,,,,,
Tony,Lockhart 4,AU-500y,2300,1695,-12.5,23.8
,,,,,,,SOLO,1787361219473,Sat Aug 22 2026 01:13:39 GMT+0000 (UTC),0,,sighter,5,96.5,25.3,616.4,18.3,
,,,,,,,SOLO,1787361319784,Sat Aug 22 2026 01:15:19 GMT+0000 (UTC),0,,,6,-48.7,-19.2,601.1,18.3,
,,,,,,,SOLO,1787361383864,Sat Aug 22 2026 01:16:23 GMT+0000 (UTC),0,,,X,-1.6,29.3,610.9,17.6,
,,,,,,,SOLO,1787361462132,Sat Aug 22 2026 01:17:42 GMT+0000 (UTC),0,,,6,-12.6,60.2,610,17.6,
,,,,,,,SOLO,1787361533936,Sat Aug 22 2026 01:18:53 GMT+0000 (UTC),0,,,X,-0.9,-11.1,583.5,18.3,
,,,,,,,SOLO,1787361560339,Sat Aug 22 2026 01:19:20 GMT+0000 (UTC),0,,,5,-54.8,-51.5,591.1,18.3,
,,,,,,,SOLO,1787361607074,Sat Aug 22 2026 01:20:07 GMT+0000 (UTC),0,,,6,63.3,1,609,18.4,
,,,,,,,SOLO,1787361686120,Sat Aug 22 2026 01:21:26 GMT+0000 (UTC),0,,,6,26.6,43.1,613.9,18.4,
,,,,,,,SOLO,1787361769088,Sat Aug 22 2026 01:22:49 GMT+0000 (UTC),0,,,6,17,-43.4,604.2,18.2,
,,,,,,,SOLO,1787361829598,Sat Aug 22 2026 01:23:49 GMT+0000 (UTC),0,,,X,10,-29.5,607.5,18.3,
,,,,,,,SOLO,1787361885743,Sat Aug 22 2026 01:24:45 GMT+0000 (UTC),0,,,5,-46.9,83.3,609.2,18.1,
,,,,,,,SOLO,1787361946948,Sat Aug 22 2026 01:25:46 GMT+0000 (UTC),0,,,6,-63.1,-16.1,613.6,18.3,
,,,,,,,SOLO,1787362009911,Sat Aug 22 2026 01:26:49 GMT+0000 (UTC),0,,,5,15.6,-101.9,605.6,18.6,
### next string,,,,,,,,,,,,,,,,,
Graeme M 2,Lockhart 2,AU-500y,2300,1695,1.9,10
,,,,,,,SOLO,1787361331080,Sat Aug 22 2026 01:15:31 GMT+0000 (UTC),0,,sighter,4,130.6,128.9,595.6,18.3,
,,,,,,,SOLO,1787361367208,Sat Aug 22 2026 01:16:07 GMT+0000 (UTC),0,,sighter,4,138.7,11.8,598.6,18.3,
,,,,,,,SOLO,1787361417849,Sat Aug 22 2026 01:16:57 GMT+0000 (UTC),0,,,4,129.6,124.9,600.6,18.4,
,,,,,,,SOLO,1787361485065,Sat Aug 22 2026 01:18:05 GMT+0000 (UTC),0,,,5,-36.1,59,608.8,18.4,
,,,,,,,SOLO,1787361665771,Sat Aug 22 2026 01:21:05 GMT+0000 (UTC),0,,,X,-15,-2.3,597.4,18.3,
,,,,,,,SOLO,1787361694706,Sat Aug 22 2026 01:21:34 GMT+0000 (UTC),0,,,5,67.7,97.2,595.1,18.3,
,,,,,,,SOLO,1787361748781,Sat Aug 22 2026 01:22:28 GMT+0000 (UTC),0,,,5,108,18,608.3,18.3,
,,,,,,,SOLO,1787361778317,Sat Aug 22 2026 01:22:58 GMT+0000 (UTC),0,,,5,-115.8,-15,599.6,19.9,
,,,,,,,SOLO,1787361826788,Sat Aug 22 2026 01:23:46 GMT+0000 (UTC),0,,,5,-9.5,86.4,592,18.9,
,,,,,,,SOLO,1787361852845,Sat Aug 22 2026 01:24:12 GMT+0000 (UTC),0,,,5,-54.9,66,598.3,18.2,
,,,,,,,SOLO,1787361883298,Sat Aug 22 2026 01:24:43 GMT+0000 (UTC),0,,,4,126,72,602.9,18.2,
,,,,,,,SOLO,1787361903865,Sat Aug 22 2026 01:25:03 GMT+0000 (UTC),0,,,6,-28.8,43.5,607.5,18.1,
,,,,,,,SOLO,1787361959034,Sat Aug 22 2026 01:25:59 GMT+0000 (UTC),0,,,5,-115.2,29.9,606.7,18.2,
,,,,,,,SOLO,1787362003633,Sat Aug 22 2026 01:26:43 GMT+0000 (UTC),0,,,4,97.1,-134.7,597.9,19.4,
,,,,,,,SOLO,1787362085634,Sat Aug 22 2026 01:28:05 GMT+0000 (UTC),0,,,4,153.9,-67.4,605.2,18.8,
### next string,,,,,,,,,,,,,,,,,
Go 2,Lockhart 2,AU-500y,2300,1695,1.9,10
,,,,,,,SOLO,1787362344877,Sat Aug 22 2026 01:32:24 GMT+0000 (UTC),0,,sighter,5,-67.3,25.9,615.7,19.7,
,,,,,,,SOLO,1787362382390,Sat Aug 22 2026 01:33:02 GMT+0000 (UTC),0,,,6,-49.2,-35.1,618.8,20.5,
,,,,,,,SOLO,1787362398794,Sat Aug 22 2026 01:33:18 GMT+0000 (UTC),0,,,6,26.6,-48.4,628.7,20.4,
,,,,,,,SOLO,1787362420110,Sat Aug 22 2026 01:33:40 GMT+0000 (UTC),0,,,6,29.7,-44,614.8,20.3,
,,,,,,,SOLO,1787362449648,Sat Aug 22 2026 01:34:09 GMT+0000 (UTC),0,,,X,-9.5,11.2,609.5,21.1,
,,,,,,,SOLO,1787362462972,Sat Aug 22 2026 01:34:22 GMT+0000 (UTC),0,,,6,39.1,-14.4,597.5,21.9,
,,,,,,,SOLO,1787362482316,Sat Aug 22 2026 01:34:42 GMT+0000 (UTC),0,,,6,65.3,1,610,21.3,
,,,,,,,SOLO,1787362494967,Sat Aug 22 2026 01:34:54 GMT+0000 (UTC),0,,,X,8.8,-16.1,610.2,20.4,
,,,,,,,SOLO,1787362609294,Sat Aug 22 2026 01:36:49 GMT+0000 (UTC),0,,,X,-0.3,0.9,608.1,19.9,
,,,,,,,SOLO,1787362623113,Sat Aug 22 2026 01:37:03 GMT+0000 (UTC),0,,,X,0.5,-6.1,611.5,19.7,
,,,,,,,SOLO,1787362646931,Sat Aug 22 2026 01:37:26 GMT+0000 (UTC),0,,,X,16.9,11.5,609.5,20,
### next string,,,,,,,,,,,,,,,,,
Scott2,Lockhart 4,AU-500y,2300,1695,-12.5,23.8
,,,,,,,SOLO,1787362385496,Sat Aug 22 2026 01:33:05 GMT+0000 (UTC),0,,,V,49.5,34.5,606.1,20.6,
,,,,,,,SOLO,1787362441360,Sat Aug 22 2026 01:34:01 GMT+0000 (UTC),0,,,V,-37.9,44.4,591.3,20.5,
,,,,,,,SOLO,1787362493888,Sat Aug 22 2026 01:34:53 GMT+0000 (UTC),0,,,5,113.1,13.2,597.3,20.6,
,,,,,,,SOLO,1787362549292,Sat Aug 22 2026 01:35:49 GMT+0000 (UTC),0,,,V,-34.8,22.4,590.9,20.3,
,,,,,,,SOLO,1787362591429,Sat Aug 22 2026 01:36:31 GMT+0000 (UTC),0,,,V,14.4,7.5,591.2,20.3,
,,,,,,,SOLO,1787362634080,Sat Aug 22 2026 01:37:14 GMT+0000 (UTC),0,,,V,-44,1.5,597.5,21,
,,,,,,,SOLO,1787362728920,Sat Aug 22 2026 01:38:48 GMT+0000 (UTC),0,,,V,38,32.6,600.6,19.5,
,,,,,,,SOLO,1787362781465,Sat Aug 22 2026 01:39:41 GMT+0000 (UTC),0,,,5,72.9,24.6,591.8,19.8,
,,,,,,,SOLO,1787362824101,Sat Aug 22 2026 01:40:24 GMT+0000 (UTC),0,,,5,89.2,49.8,594.7,19.1,
,,,,,,,SOLO,1787362881631,Sat Aug 22 2026 01:41:21 GMT+0000 (UTC),0,,,V,-10.3,30,591,18.8,
,,,,,,,SOLO,1787362919116,Sat Aug 22 2026 01:41:59 GMT+0000 (UTC),0,,,5,-100.3,1.1,594.1,18.8,
,,,,,,,SOLO,1787362955395,Sat Aug 22 2026 01:42:35 GMT+0000 (UTC),0,,,V,17.7,9.5,585.2,18.8,
,,,,,,,SOLO,1787363022101,Sat Aug 22 2026 01:43:42 GMT+0000 (UTC),0,,,V,38.1,-3.9,596.7,19.1,
### next string,,,,,,,,,,,,,,,,,
Paul 2,Lockhart 2,AU-500y,2300,1695,1.9,10
,,,,,,,SOLO,1787363189191,Sat Aug 22 2026 01:46:29 GMT+0000 (UTC),0,,sighter,5,-132,7.1,610.3,19.1,
,,,,,,,SOLO,1787363214255,Sat Aug 22 2026 01:46:54 GMT+0000 (UTC),0,,sighter,5,70,-15.3,628,20,
,,,,,,,SOLO,1787363252457,Sat Aug 22 2026 01:47:32 GMT+0000 (UTC),0,,,5,79.2,5.4,612,18.8,
,,,,,,,SOLO,1787363274793,Sat Aug 22 2026 01:47:54 GMT+0000 (UTC),0,,,6,58.7,-7.3,607,19.8,
,,,,,,,SOLO,1787363292805,Sat Aug 22 2026 01:48:12 GMT+0000 (UTC),0,,,6,-7.9,39,612.4,20.1,
,,,,,,,SOLO,1787363304828,Sat Aug 22 2026 01:48:24 GMT+0000 (UTC),0,,,5,118.8,-32.2,612.7,20,
,,,,,,,SOLO,1787363325813,Sat Aug 22 2026 01:48:45 GMT+0000 (UTC),0,,,X,-7.3,22,610.5,19.8,
,,,,,,,SOLO,1787363340936,Sat Aug 22 2026 01:49:00 GMT+0000 (UTC),0,,,X,1.1,32.4,615.1,20.6,
,,,,,,,SOLO,1787363354795,Sat Aug 22 2026 01:49:14 GMT+0000 (UTC),0,,,X,9,-3,610.6,19.9,
,,,,,,,SOLO,1787363366115,Sat Aug 22 2026 01:49:26 GMT+0000 (UTC),0,,,X,-20.7,10.8,615.3,19.7,
,,,,,,,SOLO,1787363380898,Sat Aug 22 2026 01:49:40 GMT+0000 (UTC),0,,,5,87,-48.7,602.1,19.8,
,,,,,,,SOLO,1787363403297,Sat Aug 22 2026 01:50:03 GMT+0000 (UTC),0,,,5,56.9,-55.7,601.2,22.3,
### next string,,,,,,,,,,,,,,,,,
Rich2,Lockhart 4,AU-500y,2300,1695,-12.5,23.8
,,,,,,,SOLO,1787363228292,Sat Aug 22 2026 01:47:08 GMT+0000 (UTC),0,,,X,-3.1,-32.8,612.4,20.1,
,,,,,,,SOLO,1787363266085,Sat Aug 22 2026 01:47:46 GMT+0000 (UTC),0,,,6,25.1,-38.8,615.6,20.2,
,,,,,,,SOLO,1787363304541,Sat Aug 22 2026 01:48:24 GMT+0000 (UTC),0,,,6,-30.4,-30,614.8,19.9,
,,,,,,,SOLO,1787363329530,Sat Aug 22 2026 01:48:49 GMT+0000 (UTC),0,,,X,-8.2,21.2,612.7,19.9,
,,,,,,,SOLO,1787363352204,Sat Aug 22 2026 01:49:12 GMT+0000 (UTC),0,,,5,-10.6,-68.7,608.4,20.1,
,,,,,,,SOLO,1787363373025,Sat Aug 22 2026 01:49:33 GMT+0000 (UTC),0,,,6,-41.5,-44.4,611.7,19.8,
,,,,,,,SOLO,1787363393932,Sat Aug 22 2026 01:49:53 GMT+0000 (UTC),0,,,5,100.3,-29.8,621.4,20,
,,,,,,,SOLO,1787363419017,Sat Aug 22 2026 01:50:19 GMT+0000 (UTC),0,,,X,-8.3,-11.5,610.5,19.9,
,,,,,,,SOLO,1787363447131,Sat Aug 22 2026 01:50:47 GMT+0000 (UTC),0,,,5,-76.7,7.8,612.2,19.6,
,,,,,,,SOLO,1787363468876,Sat Aug 22 2026 01:51:08 GMT+0000 (UTC),0,,,6,-59,14.3,614.2,19,
### next string,,,,,,,,,,,,,,,,,
Tony2,Lockhart 4,AU-500y,2300,1695,-12.5,23.8
,,,,,,,SOLO,1787363683608,Sat Aug 22 2026 01:54:43 GMT+0000 (UTC),0,,,6,39,-47.9,631.5,19.1,
,,,,,,,SOLO,1787363729312,Sat Aug 22 2026 01:55:29 GMT+0000 (UTC),0,,,6,17,-46.6,606.8,18.9,
,,,,,,,SOLO,1787363770969,Sat Aug 22 2026 01:56:10 GMT+0000 (UTC),0,,,X,-3.6,-18.3,597.4,18.9,
,,,,,,,SOLO,1787363803311,Sat Aug 22 2026 01:56:43 GMT+0000 (UTC),0,,,X,28.1,9.8,608.8,18.7,
,,,,,,,SOLO,1787363837437,Sat Aug 22 2026 01:57:17 GMT+0000 (UTC),0,,,6,40.8,26.2,615,18.7,
,,,,,,,SOLO,1787363873439,Sat Aug 22 2026 01:57:53 GMT+0000 (UTC),0,,,4,-130,133.2,620.7,18.8,
,,,,,,,SOLO,1787363928920,Sat Aug 22 2026 01:58:48 GMT+0000 (UTC),0,,,6,38.3,13.1,620.1,18.8,
,,,,,,,SOLO,1787363955200,Sat Aug 22 2026 01:59:15 GMT+0000 (UTC),0,,,5,-87.4,37.1,610.4,18.6,
,,,,,,,SOLO,1787364019576,Sat Aug 22 2026 02:00:19 GMT+0000 (UTC),0,,,X,13.1,-27.8,614.1,18.8,
,,,,,,,SOLO,1787364052568,Sat Aug 22 2026 02:00:52 GMT+0000 (UTC),0,,,X,-0.1,25.7,618.5,18.8,
### next string,,,,,,,,,,,,,,,,,
Gc1,Lockhart 3,AU-600y,2300,1695,18.1,4
,,,,,,,SOLO,1787966698130,Sat Aug 29 2026 01:24:58 GMT+0000 (UTC),0,,sighter,X,12.7,8.6,532.8,24.9,
,,,,,,,SOLO,1787966741439,Sat Aug 29 2026 01:25:41 GMT+0000 (UTC),0,,sighter,4,-34.8,184.3,553.6,25.1,
,,,,,,,SOLO,1787966790035,Sat Aug 29 2026 01:26:30 GMT+0000 (UTC),0,,,X,-14.1,15.9,546,25.1,
,,,,,,,SOLO,1787966814681,Sat Aug 29 2026 01:26:54 GMT+0000 (UTC),0,,,X,8.8,-13.1,563.7,25.2,
,,,,,,,SOLO,1787966826714,Sat Aug 29 2026 01:27:06 GMT+0000 (UTC),0,,,X,-4.5,38.2,565.2,25.1,
,,,,,,,SOLO,1787966843116,Sat Aug 29 2026 01:27:23 GMT+0000 (UTC),0,,,6,58.2,48,573.5,25.3,
,,,,,,,SOLO,1787966867364,Sat Aug 29 2026 01:27:47 GMT+0000 (UTC),0,,,6,28.9,-34,555.8,25.4,
,,,,,,,SOLO,1787966879123,Sat Aug 29 2026 01:27:59 GMT+0000 (UTC),0,,,5,-25.4,77.6,548.5,25.6,
,,,,,,,SOLO,1787966895403,Sat Aug 29 2026 01:28:15 GMT+0000 (UTC),0,,,6,-31.4,-37.4,545.7,25.6,
,,,,,,,SOLO,1787966913367,Sat Aug 29 2026 01:28:33 GMT+0000 (UTC),0,,,6,-31.1,-37.8,547,25.7,
,,,,,,,SOLO,1787966964944,Sat Aug 29 2026 01:29:24 GMT+0000 (UTC),0,,,6,-46,-30.3,559.4,25.9,
,,,,,,,SOLO,1787966973972,Sat Aug 29 2026 01:29:33 GMT+0000 (UTC),0,,,X,4.3,-28.7,552.3,25.9,
### next string,,,,,,,,,,,,,,,,,
Tony 1,Lockhart 1,AU-600y,2300,1695,25.6,15.6
,,,,,,,SOLO,1787966740147,Sat Aug 29 2026 01:25:40 GMT+0000 (UTC),0,,sighter,4,39.4,162.7,566.5,25.3,
,,,,,,,SOLO,1787966782260,Sat Aug 29 2026 01:26:22 GMT+0000 (UTC),0,,,6,-33.4,56.6,583,25.3,
,,,,,,,SOLO,1787966825396,Sat Aug 29 2026 01:27:05 GMT+0000 (UTC),0,,,5,-68.9,64.1,584.4,24,
,,,,,,,SOLO,1787966881444,Sat Aug 29 2026 01:28:01 GMT+0000 (UTC),0,,,5,-24.3,88.8,584.3,25.6,
,,,,,,,SOLO,1787966944887,Sat Aug 29 2026 01:29:04 GMT+0000 (UTC),0,,,4,164.6,-61.7,570.8,25.4,
,,,,,,,SOLO,1787966966965,Sat Aug 29 2026 01:29:26 GMT+0000 (UTC),0,,,6,27.1,-63.4,574.8,26.1,
,,,,,,,SOLO,1787966990061,Sat Aug 29 2026 01:29:50 GMT+0000 (UTC),0,,,6,49.1,29,567.3,26.6,
,,,,,,,SOLO,1787967028107,Sat Aug 29 2026 01:30:28 GMT+0000 (UTC),0,,,X,19.3,-23.6,567.3,26.6,
,,,,,,,SOLO,1787967055727,Sat Aug 29 2026 01:30:55 GMT+0000 (UTC),0,,,6,-3.9,43,567.9,26.3,
,,,,,,,SOLO,1787967077061,Sat Aug 29 2026 01:31:17 GMT+0000 (UTC),0,,,5,20.8,94.4,577.9,26.4,
,,,,,,,SOLO,1787967104954,Sat Aug 29 2026 01:31:44 GMT+0000 (UTC),0,,,5,106.7,21.1,576.9,26.5,
### next string,,,,,,,,,,,,,,,,,
Paul 1,Lockhart 1,AU-600y,2300,1695,25.6,15.6
,,,,,,,SOLO,1787967230507,Sat Aug 29 2026 01:33:50 GMT+0000 (UTC),0,,sighter,3,-40,-309.6,555.3,26.5,
,,,,,,,SOLO,1787967269130,Sat Aug 29 2026 01:34:29 GMT+0000 (UTC),0,,sighter,5,-124.1,52.5,572,27,
,,,,,,,SOLO,1787967292879,Sat Aug 29 2026 01:34:52 GMT+0000 (UTC),0,,,X,2.9,-25.8,568.9,27.2,
,,,,,,,SOLO,1787967310928,Sat Aug 29 2026 01:35:10 GMT+0000 (UTC),0,,,5,-39.6,-72.3,568.4,27.2,
,,,,,,,SOLO,1787967336845,Sat Aug 29 2026 01:35:36 GMT+0000 (UTC),0,,,5,36.7,107.2,574.4,27.4,
,,,,,,,SOLO,1787967367665,Sat Aug 29 2026 01:36:07 GMT+0000 (UTC),0,,,4,-88.3,-280.1,531.2,27.4,
,,,,,,,SOLO,1787967392951,Sat Aug 29 2026 01:36:32 GMT+0000 (UTC),0,,,6,57.3,25.2,566.8,27.5,
,,,,,,,SOLO,1787967408757,Sat Aug 29 2026 01:36:48 GMT+0000 (UTC),0,,,5,10.6,80.8,574.5,27.7,
,,,,,,,SOLO,1787967424559,Sat Aug 29 2026 01:37:04 GMT+0000 (UTC),0,,,5,21.1,-86,571.5,27.6,
,,,,,,,SOLO,1787967453641,Sat Aug 29 2026 01:37:33 GMT+0000 (UTC),0,,,5,30.4,74.7,565.9,26.8,
,,,,,,,SOLO,1787967475737,Sat Aug 29 2026 01:37:55 GMT+0000 (UTC),0,,,X,6.9,23.1,571.5,27.7,
,,,,,,,SOLO,1787967492194,Sat Aug 29 2026 01:38:12 GMT+0000 (UTC),0,,,X,-3.5,-2.1,569.8,27.8,
### next string,,,,,,,,,,,,,,,,,
Scot 1,Lockhart 3,AU-600y,2300,1695,18.1,4
,,,,,,,SOLO,1787967236734,Sat Aug 29 2026 01:33:56 GMT+0000 (UTC),0,,sighter,5,-90.8,-82.5,536.2,26.2,
,,,,,,,SOLO,1787967285405,Sat Aug 29 2026 01:34:45 GMT+0000 (UTC),0,,sighter,4,-85.4,-148.4,542.2,26.9,
,,,,,,,SOLO,1787967351132,Sat Aug 29 2026 01:35:51 GMT+0000 (UTC),0,,,5,86.7,-65.1,538.8,27.1,
,,,,,,,SOLO,1787967392207,Sat Aug 29 2026 01:36:32 GMT+0000 (UTC),0,,,V,50.2,41.7,546,27.3,
,,,,,,,SOLO,1787967436825,Sat Aug 29 2026 01:37:16 GMT+0000 (UTC),0,,,V,32.1,23.2,541.9,27.6,
,,,,,,,SOLO,1787967503083,Sat Aug 29 2026 01:38:23 GMT+0000 (UTC),0,,,5,-62.2,-47.5,545.2,27.9,
,,,,,,,SOLO,1787967541823,Sat Aug 29 2026 01:39:01 GMT+0000 (UTC),0,,,V,62.7,17.9,554.7,28.1,
,,,,,,,SOLO,1787967588058,Sat Aug 29 2026 01:39:48 GMT+0000 (UTC),0,,,4,82,-129.9,547.7,28.2,
,,,,,,,SOLO,1787967630724,Sat Aug 29 2026 01:40:30 GMT+0000 (UTC),0,,,5,19,-85.5,539.5,28.1,
,,,,,,,SOLO,1787967701321,Sat Aug 29 2026 01:41:41 GMT+0000 (UTC),0,,,5,-82.8,-9,532.9,28.3,
,,,,,,,SOLO,1787967739521,Sat Aug 29 2026 01:42:19 GMT+0000 (UTC),0,,,5,-80.5,-29.9,539.6,28.3,
,,,,,,,SOLO,1787967777097,Sat Aug 29 2026 01:42:57 GMT+0000 (UTC),0,,,V,35.1,14.5,538.5,27.9,
### next string,,,,,,,,,,,,,,,,,
Kieren 600,Lockhart 1,AU-600y,2300,1695,25.6,15.6
,,,,,,,SOLO,1787967629258,Sat Aug 29 2026 01:40:29 GMT+0000 (UTC),0,,sighter,4,237.7,8.5,544.2,28.2,
,,,,,,,SOLO,1787967661882,Sat Aug 29 2026 01:41:01 GMT+0000 (UTC),0,,sighter,5,-104.1,5.7,547.7,27.7,
,,,,,,,SOLO,1787967695025,Sat Aug 29 2026 01:41:35 GMT+0000 (UTC),0,,,5,85.9,-39.1,547.4,27.8,
,,,,,,,SOLO,1787967715505,Sat Aug 29 2026 01:41:55 GMT+0000 (UTC),0,,,5,17.7,76.1,551.8,28,
,,,,,,,SOLO,1787967741029,Sat Aug 29 2026 01:42:21 GMT+0000 (UTC),0,,,5,-119.9,-36.5,545.6,28.3,
,,,,,,,SOLO,1787967769015,Sat Aug 29 2026 01:42:49 GMT+0000 (UTC),0,,,6,58.9,32.6,543.2,27.9,
,,,,,,,SOLO,1787967782532,Sat Aug 29 2026 01:43:02 GMT+0000 (UTC),0,,,5,99.2,15.1,545.5,27.7,
,,,,,,,SOLO,1787967849881,Sat Aug 29 2026 01:44:09 GMT+0000 (UTC),0,,,5,-72,-60.4,541.4,27.6,
,,,,,,,SOLO,1787967875589,Sat Aug 29 2026 01:44:35 GMT+0000 (UTC),0,,,6,-20.2,-39.2,549.1,27.9,
,,,,,,,SOLO,1787967890419,Sat Aug 29 2026 01:44:50 GMT+0000 (UTC),0,,,5,-68.9,-40.1,543.3,28,
,,,,,,,SOLO,1787967905212,Sat Aug 29 2026 01:45:05 GMT+0000 (UTC),0,,,6,-5.2,-65.1,543.3,27.3,
,,,,,,,SOLO,1787967919752,Sat Aug 29 2026 01:45:19 GMT+0000 (UTC),0,,,X,-23.7,10.4,548.9,28,
### next string,,,,,,,,,,,,,,,,,
Richard 1,Lockhart 3,AU-600y,2300,1695,18.1,4
,,,,,,,SOLO,1787967886029,Sat Aug 29 2026 01:44:46 GMT+0000 (UTC),0,,sighter,5,60.9,60,559.1,28.1,
,,,,,,,SOLO,1787967931419,Sat Aug 29 2026 01:45:31 GMT+0000 (UTC),0,,sighter,5,-77.6,65.8,562.1,28.3,
,,,,,,,SOLO,1787967975517,Sat Aug 29 2026 01:46:15 GMT+0000 (UTC),0,,,X,-37.9,1.2,566.6,28.3,
,,,,,,,SOLO,1787967994867,Sat Aug 29 2026 01:46:34 GMT+0000 (UTC),0,,,4,-124.3,-105.2,556.1,28.3,
,,,,,,,SOLO,1787968024789,Sat Aug 29 2026 01:47:04 GMT+0000 (UTC),0,,,X,-20.6,-28.8,558.3,28.3,
,,,,,,,SOLO,1787968047860,Sat Aug 29 2026 01:47:27 GMT+0000 (UTC),0,,,6,10.1,-58.6,563.7,28.6,
,,,,,,,SOLO,1787968068604,Sat Aug 29 2026 01:47:48 GMT+0000 (UTC),0,,,6,-50.2,-33.1,552.7,28.6,
,,,,,,,SOLO,1787968089900,Sat Aug 29 2026 01:48:09 GMT+0000 (UTC),0,,,6,-7.6,-73.1,556.8,28.6,
,,,,,,,SOLO,1787968114440,Sat Aug 29 2026 01:48:34 GMT+0000 (UTC),0,,,5,102.9,-1.6,559,28.7,
,,,,,,,SOLO,1787968134616,Sat Aug 29 2026 01:48:54 GMT+0000 (UTC),0,,,6,56,-19.4,556.4,28.5,
,,,,,,,SOLO,1787968155302,Sat Aug 29 2026 01:49:15 GMT+0000 (UTC),0,,,X,22.3,-32.7,556.2,28.6,
,,,,,,,SOLO,1787968174722,Sat Aug 29 2026 01:49:34 GMT+0000 (UTC),0,,,5,-86.9,5,565.5,28.9,
### next string,,,,,,,,,,,,,,,,,
Gc2,Lockhart 3,AU-600y,2300,1695,18.1,4
,,,,,,,SOLO,1787968279879,Sat Aug 29 2026 01:51:19 GMT+0000 (UTC),0,,,X,-5.7,2,547.3,28.9,
,,,,,,,SOLO,1787968292918,Sat Aug 29 2026 01:51:32 GMT+0000 (UTC),0,,,6,18.6,44.5,548.7,28.9,
,,,,,,,SOLO,1787968314056,Sat Aug 29 2026 01:51:54 GMT+0000 (UTC),0,,,X,-14,11.3,549.6,28.5,
,,,,,,,SOLO,1787968325923,Sat Aug 29 2026 01:52:05 GMT+0000 (UTC),0,,,5,-84.3,-9.2,549,28.4,
,,,,,,,SOLO,1787968353815,Sat Aug 29 2026 01:52:33 GMT+0000 (UTC),0,,,X,33,7.8,548.1,28.6,
,,,,,,,SOLO,1787968361961,Sat Aug 29 2026 01:52:41 GMT+0000 (UTC),0,,,6,41.7,-24.7,545.6,28.7,
,,,,,,,SOLO,1787968377582,Sat Aug 29 2026 01:52:57 GMT+0000 (UTC),0,,,6,15.9,-68.2,551.2,28.6,
,,,,,,,SOLO,1787968399464,Sat Aug 29 2026 01:53:19 GMT+0000 (UTC),0,,,X,23.9,-11.5,556.7,28.6,
,,,,,,,SOLO,1787968414887,Sat Aug 29 2026 01:53:34 GMT+0000 (UTC),0,,,X,19.7,-24.5,548.9,28.6,
,,,,,,,SOLO,1787968426086,Sat Aug 29 2026 01:53:46 GMT+0000 (UTC),0,,,5,-32.3,-106.4,546.4,28.1,
,,,,,,,SOLO,1787968439160,Sat Aug 29 2026 01:53:59 GMT+0000 (UTC),0,,,6,-66.7,-22.8,550,28.1,
,,,,,,,SOLO,1787968447806,Sat Aug 29 2026 01:54:07 GMT+0000 (UTC),0,,,5,-41.5,-84.5,545.5,28.1,
### next string,,,,,,,,,,,,,,,,,
Tony 2,Lockhart 1,AU-600y,2300,1695,25.6,15.6
,,,,,,,SOLO,1787968035144,Sat Aug 29 2026 01:47:15 GMT+0000 (UTC),0,,sighter,5,105.9,34.6,581.6,28.3,
,,,,,,,SOLO,1787968085310,Sat Aug 29 2026 01:48:05 GMT+0000 (UTC),0,,sighter,4,206.6,77.1,575.4,28.3,
,,,,,,,SOLO,1787968160356,Sat Aug 29 2026 01:49:20 GMT+0000 (UTC),0,,,5,-1.3,84.5,580.7,28.6,
,,,,,,,SOLO,1787968193943,Sat Aug 29 2026 01:49:53 GMT+0000 (UTC),0,,,5,-46.3,-64.2,580,28.2,
,,,,,,,SOLO,1787968218362,Sat Aug 29 2026 01:50:18 GMT+0000 (UTC),0,,,5,-144.2,-34.5,577.2,28.4,
,,,,,,,SOLO,1787968247965,Sat Aug 29 2026 01:50:47 GMT+0000 (UTC),0,,,6,15.4,-69.2,571.1,28.6,
,,,,,,,SOLO,1787968269780,Sat Aug 29 2026 01:51:09 GMT+0000 (UTC),0,,,X,10.9,8.9,571.7,29.2,
,,,,,,,SOLO,1787968288229,Sat Aug 29 2026 01:51:28 GMT+0000 (UTC),0,,,5,53.2,84.8,589.6,28.6,
,,,,,,,SOLO,1787968309241,Sat Aug 29 2026 01:51:49 GMT+0000 (UTC),0,,,6,-8.5,56.9,576.3,28.2,
,,,,,,,SOLO,1787968327767,Sat Aug 29 2026 01:52:07 GMT+0000 (UTC),0,,,5,78.5,7.1,577.3,27.1,
,,,,,,,SOLO,1787968349826,Sat Aug 29 2026 01:52:29 GMT+0000 (UTC),0,,,6,-48.5,-25.4,578.2,28.5,
,,,,,,,SOLO,1787968366271,Sat Aug 29 2026 01:52:46 GMT+0000 (UTC),0,,,6,-32.1,67.6,573.6,28.9,
### next string,,,,,,,,,,,,,,,,,
Paul 2,Lockhart 1,AU-600y,2300,1695,25.6,15.6
,,,,,,,SOLO,1787968534840,Sat Aug 29 2026 01:55:34 GMT+0000 (UTC),0,,sighter,5,91.3,53.8,571.6,28.5,
,,,,,,,SOLO,1787968572383,Sat Aug 29 2026 01:56:12 GMT+0000 (UTC),0,,sighter,5,68.6,-45.8,570.4,28.4,
,,,,,,,SOLO,1787968596507,Sat Aug 29 2026 01:56:36 GMT+0000 (UTC),0,,,6,-54.9,12.4,566.2,28.4,
,,,,,,,SOLO,1787968613883,Sat Aug 29 2026 01:56:53 GMT+0000 (UTC),0,,,5,-109.3,13.3,571.1,28.4,
,,,,,,,SOLO,1787968638931,Sat Aug 29 2026 01:57:18 GMT+0000 (UTC),0,,,5,-82.9,52.1,564.9,28.2,
,,,,,,,SOLO,1787968658814,Sat Aug 29 2026 01:57:38 GMT+0000 (UTC),0,,,6,-32.6,37.3,566.1,28.1,
,,,,,,,SOLO,1787968704562,Sat Aug 29 2026 01:58:24 GMT+0000 (UTC),0,,,5,-46.9,62.4,569.6,28,
,,,,,,,SOLO,1787968732682,Sat Aug 29 2026 01:58:52 GMT+0000 (UTC),0,,,6,-14.6,41.3,567.7,27.7,
,,,,,,,SOLO,1787968753066,Sat Aug 29 2026 01:59:13 GMT+0000 (UTC),0,,,6,-27.1,42.9,567.4,27.1,
,,,,,,,SOLO,1787968784238,Sat Aug 29 2026 01:59:44 GMT+0000 (UTC),0,,,6,51.4,-45.4,570.5,27,
,,,,,,,SOLO,1787968804324,Sat Aug 29 2026 02:00:04 GMT+0000 (UTC),0,,,6,25.4,-63.4,565.2,27.8,
,,,,,,,SOLO,1787968821872,Sat Aug 29 2026 02:00:21 GMT+0000 (UTC),0,,,5,107.5,-75.8,568.6,27.6,
### next string,,,,,,,,,,,,,,,,,
Kieren 2,Lockhart 1,AU-600y,2300,1695,25.6,15.6
,,,,,,,SOLO,1787968952594,Sat Aug 29 2026 02:02:32 GMT+0000 (UTC),0,,,6,42.6,-16.7,547,27.6,
,,,,,,,SOLO,1787968969186,Sat Aug 29 2026 02:02:49 GMT+0000 (UTC),0,,,X,11.1,-19,544.8,27.9,
,,,,,,,SOLO,1787968985741,Sat Aug 29 2026 02:03:05 GMT+0000 (UTC),0,,,6,-67.5,-26.4,540.4,27.6,
,,,,,,,SOLO,1787969016187,Sat Aug 29 2026 02:03:36 GMT+0000 (UTC),0,,,6,26.5,-49.9,545,28,
,,,,,,,SOLO,1787969030205,Sat Aug 29 2026 02:03:50 GMT+0000 (UTC),0,,,5,75.4,-50,549.3,28.1,
,,,,,,,SOLO,1787969054020,Sat Aug 29 2026 02:04:14 GMT+0000 (UTC),0,,,6,53.8,-15.8,547.9,27.9,
,,,,,,,SOLO,1787969068599,Sat Aug 29 2026 02:04:28 GMT+0000 (UTC),0,,,6,56.7,-35.1,547.1,28.2,
,,,,,,,SOLO,1787969084438,Sat Aug 29 2026 02:04:44 GMT+0000 (UTC),0,,,6,-3.7,-53.4,545.2,27.3,
,,,,,,,SOLO,1787969097028,Sat Aug 29 2026 02:04:57 GMT+0000 (UTC),0,,,5,-86.5,-15,547,28.1,
,,,,,,,SOLO,1787969107388,Sat Aug 29 2026 02:05:07 GMT+0000 (UTC),0,,,X,6.7,35.5,551.1,28,
### next string,,,,,,,,,,,,,,,,,
Scott 2,Lockhart 3,AU-600y,2300,1695,18.1,4
,,,,,,,SOLO,1787968762883,Sat Aug 29 2026 01:59:22 GMT+0000 (UTC),0,,sighter,4,-95.4,156.7,542.9,26.9,
,,,,,,,SOLO,1787968815916,Sat Aug 29 2026 02:00:15 GMT+0000 (UTC),0,,,V,57.9,30.4,535.4,26.9,
,,,,,,,SOLO,1787968866304,Sat Aug 29 2026 02:01:06 GMT+0000 (UTC),0,,,5,111.5,15.9,536.6,27.5,
,,,,,,,SOLO,1787968958505,Sat Aug 29 2026 02:02:38 GMT+0000 (UTC),0,,,V,-40.9,42.2,540.4,27.5,
,,,,,,,SOLO,1787969011990,Sat Aug 29 2026 02:03:31 GMT+0000 (UTC),0,,,V,26.2,-12.9,538.6,27.7,
,,,,,,,SOLO,1787969056387,Sat Aug 29 2026 02:04:16 GMT+0000 (UTC),0,,,V,57.4,25.8,546.1,27.6,
,,,,,,,SOLO,1787969123317,Sat Aug 29 2026 02:05:23 GMT+0000 (UTC),0,,,V,-2,-10.3,546.3,27.4,
,,,,,,,SOLO,1787969177453,Sat Aug 29 2026 02:06:17 GMT+0000 (UTC),0,,,5,-15.2,-99.3,542,27.4,
,,,,,,,SOLO,1787969219675,Sat Aug 29 2026 02:06:59 GMT+0000 (UTC),0,,,5,-107,16.8,545.3,27.7,
,,,,,,,SOLO,1787969272278,Sat Aug 29 2026 02:07:52 GMT+0000 (UTC),0,,,4,146.8,75.2,543,27.3,
,,,,,,,SOLO,1787969328317,Sat Aug 29 2026 02:08:48 GMT+0000 (UTC),0,,,5,-83.7,-40.5,548.1,27.8,
,,,,,,,SOLO,1787969355111,Sat Aug 29 2026 02:09:15 GMT+0000 (UTC),0,,,5,63.9,-55.7,539.6,27.5,
### next string,,,,,,,,,,,,,,,,,
Tony 3,Lockhart 1,AU-600y,2300,1695,25.6,15.6
,,,,,,,SOLO,1787969273392,Sat Aug 29 2026 02:07:53 GMT+0000 (UTC),0,,sighter,4,-199.2,155.6,578.4,27.3,
,,,,,,,SOLO,1787969320321,Sat Aug 29 2026 02:08:40 GMT+0000 (UTC),0,,sighter,4,76,157.8,574.7,27.5,
,,,,,,,SOLO,1787969388673,Sat Aug 29 2026 02:09:48 GMT+0000 (UTC),0,,,6,19.9,-62.8,577.9,27.8,
,,,,,,,SOLO,1787969428137,Sat Aug 29 2026 02:10:28 GMT+0000 (UTC),0,,,5,-84.5,-103.6,576,27.9,
,,,,,,,SOLO,1787969452125,Sat Aug 29 2026 02:10:52 GMT+0000 (UTC),0,,,5,74.5,-50.3,575.4,28,
,,,,,,,SOLO,1787969484085,Sat Aug 29 2026 02:11:24 GMT+0000 (UTC),0,,,4,141.6,105.3,591.2,27.9,
,,,,,,,SOLO,1787969502064,Sat Aug 29 2026 02:11:42 GMT+0000 (UTC),0,,,5,52.3,97.8,576.2,27.9,
,,,,,,,SOLO,1787969527980,Sat Aug 29 2026 02:12:07 GMT+0000 (UTC),0,,,6,-26.3,51.1,580.2,28.1,
,,,,,,,SOLO,1787969543002,Sat Aug 29 2026 02:12:23 GMT+0000 (UTC),0,,,X,20.4,-30.4,573.1,28,
,,,,,,,SOLO,1787969561786,Sat Aug 29 2026 02:12:41 GMT+0000 (UTC),0,,,5,83,-59.4,579.2,27.8,
,,,,,,,SOLO,1787969584132,Sat Aug 29 2026 02:13:04 GMT+0000 (UTC),0,,,5,-36.2,-74.3,580.6,27.9,
,,,,,,,SOLO,1787969596458,Sat Aug 29 2026 02:13:16 GMT+0000 (UTC),0,,,5,-33.6,77.2,586.6,28,
### next string,,,,,,,,,,,,,,,,,
Ri.card2,Lockhart 3,AU-600y,2300,1695,18.1,4
,,,,,,,SOLO,1787969535333,Sat Aug 29 2026 02:12:15 GMT+0000 (UTC),0,,sighter,6,18.1,-47.5,567.2,28.1,
,,,,,,,SOLO,1787969563430,Sat Aug 29 2026 02:12:43 GMT+0000 (UTC),0,,sighter,5,138.6,-29.4,557.5,27.9,
,,,,,,,SOLO,1787969621097,Sat Aug 29 2026 02:13:41 GMT+0000 (UTC),0,,,X,-21.7,-15.3,583,27.8,
,,,,,,,SOLO,1787969645183,Sat Aug 29 2026 02:14:05 GMT+0000 (UTC),0,,,5,-55.7,70.8,552,27.6,
,,,,,,,SOLO,1787969683620,Sat Aug 29 2026 02:14:43 GMT+0000 (UTC),0,,,5,-39.7,-72.7,556.9,27.6,
,,,,,,,SOLO,1787969725651,Sat Aug 29 2026 02:15:25 GMT+0000 (UTC),0,,,X,10.3,-11.5,560.7,27.6,
,,,,,,,SOLO,1787969747284,Sat Aug 29 2026 02:15:47 GMT+0000 (UTC),0,,,5,102.5,71,556.4,27.7,
,,,,,,,SOLO,1787969804128,Sat Aug 29 2026 02:16:44 GMT+0000 (UTC),0,,,5,-3,-79.1,572,27.6,
,,,,,,,SOLO,1787969839996,Sat Aug 29 2026 02:17:19 GMT+0000 (UTC),0,,,X,15,36.6,587.9,27.4,
,,,,,,,SOLO,1787969865184,Sat Aug 29 2026 02:17:45 GMT+0000 (UTC),0,,,6,47.4,-24.3,568.5,27.4,
,,,,,,,SOLO,1787969886546,Sat Aug 29 2026 02:18:06 GMT+0000 (UTC),0,,,X,7.3,-16.7,559.3,27.5,
,,,,,,,SOLO,1787969906141,Sat Aug 29 2026 02:18:26 GMT+0000 (UTC),0,,,6,52,-19.9,557.2,27.1,
### next string,,,,,,,,,,,,,,,,,
Kieren 3,Lockhart 1,AU-600y,2300,1695,25.6,15.6
,,,,,,,SOLO,1787969715005,Sat Aug 29 2026 02:15:15 GMT+0000 (UTC),0,,sighter,4,-115.6,-206.1,549.6,28.1,
,,,,,,,SOLO,1787969734827,Sat Aug 29 2026 02:15:34 GMT+0000 (UTC),0,,sighter,4,-156.6,-9,546.2,29.3,
,,,,,,,SOLO,1787969755086,Sat Aug 29 2026 02:15:55 GMT+0000 (UTC),0,,,6,32.2,-51.3,557.7,27.8,
,,,,,,,SOLO,1787969771428,Sat Aug 29 2026 02:16:11 GMT+0000 (UTC),0,,,6,53.8,27.6,556.6,28.1,
,,,,,,,SOLO,1787969789872,Sat Aug 29 2026 02:16:29 GMT+0000 (UTC),0,,,X,2.2,-0.5,549.2,28,
,,,,,,,SOLO,1787969799472,Sat Aug 29 2026 02:16:39 GMT+0000 (UTC),0,,,6,33.6,31.5,549.9,28,
,,,,,,,SOLO,1787969812506,Sat Aug 29 2026 02:16:52 GMT+0000 (UTC),0,,,6,0.5,-60.9,543.7,26.9,
,,,,,,,SOLO,1787969823807,Sat Aug 29 2026 02:17:03 GMT+0000 (UTC),0,,,6,-66.2,-8.1,551.3,27.9,
,,,,,,,SOLO,1787969837192,Sat Aug 29 2026 02:17:17 GMT+0000 (UTC),0,,,X,17.4,-8.1,552.5,27.9,
,,,,,,,SOLO,1787969848061,Sat Aug 29 2026 02:17:28 GMT+0000 (UTC),0,,,6,-7.4,64.9,568,28,
,,,,,,,SOLO,1787969859371,Sat Aug 29 2026 02:17:39 GMT+0000 (UTC),0,,,6,-56.5,37.6,551.5,27.9,
,,,,,,,SOLO,1787969874800,Sat Aug 29 2026 02:17:54 GMT+0000 (UTC),0,,,X,-28.3,-17.6,551.5,27.2,
,,,,,,,SOLO,1787969888432,Sat Aug 29 2026 02:18:08 GMT+0000 (UTC),0,,,5,-83,-9.8,553,28,
,,,,,,,SOLO,1787969911527,Sat Aug 29 2026 02:18:31 GMT+0000 (UTC),0,,,5,50.2,-113.8,550.2,28,
,,,,,,,SOLO,1787969933346,Sat Aug 29 2026 02:18:53 GMT+0000 (UTC),0,,,6,42.9,-30.5,548.3,27.8,
,,,,,,,SOLO,1787969944464,Sat Aug 29 2026 02:19:04 GMT+0000 (UTC),0,,,X,1.7,-5.1,546.9,28.6,
,,,,,,,SOLO,1787969956642,Sat Aug 29 2026 02:19:16 GMT+0000 (UTC),0,,,6,-74.6,-2.1,544.5,27.9,
,,,,,,,SOLO,1787969968420,Sat Aug 29 2026 02:19:28 GMT+0000 (UTC),0,,,X,-16.4,-26.1,549.1,27.9,
### next string,,,,,,,,,,,,,,,,,
Gc 332,Lockhart 3,AU-600y,2300,1695,18.1,4
,,,,,,,SOLO,1787970152810,Sat Aug 29 2026 02:22:32 GMT+0000 (UTC),0,,sighter,X,6.3,-24.5,541.5,27.2,
,,,,,,,SOLO,1787970166517,Sat Aug 29 2026 02:22:46 GMT+0000 (UTC),0,,sighter,X,-1.6,-39.9,550.7,27.2,
,,,,,,,SOLO,1787970179499,Sat Aug 29 2026 02:22:59 GMT+0000 (UTC),0,,,4,-123.5,-106.5,549.9,27.4,
,,,,,,,SOLO,1787970193205,Sat Aug 29 2026 02:23:13 GMT+0000 (UTC),0,,,5,-45.3,-74.3,551.1,27.4,
,,,,,,,SOLO,1787970212335,Sat Aug 29 2026 02:23:32 GMT+0000 (UTC),0,,,6,-60,1.5,554.2,27.3,
### next string,,,,,,,,,,,,,,,,,
Hc 298,Lockhart 3,AU-600y,2300,1695,18.1,4
,,,,,,,SOLO,1787970270430,Sat Aug 29 2026 02:24:30 GMT+0000 (UTC),0,,sighter,5,-140,-26.9,576.7,27.5,
,,,,,,,SOLO,1787970282724,Sat Aug 29 2026 02:24:42 GMT+0000 (UTC),0,,sighter,5,-89,-94.3,549.6,27.4,
,,,,,,,SOLO,1787970299168,Sat Aug 29 2026 02:24:59 GMT+0000 (UTC),0,,,5,-59.1,-107,547.8,27.5,
,,,,,,,SOLO,1787970313696,Sat Aug 29 2026 02:25:13 GMT+0000 (UTC),0,,,5,5.9,-146.6,549,27.4,
,,,,,,,SOLO,1787970336278,Sat Aug 29 2026 02:25:36 GMT+0000 (UTC),0,,,5,-79.5,-85.3,554.3,27.3,
### next string,,,,,,,,,,,,,,,,,
Scott P11,Lockhart 3,AU-600y,2300,1695,18.1,4
,,,,,,,SOLO,1787970647193,Sat Aug 29 2026 02:30:47 GMT+0000 (UTC),0,,sighter,3,-79.3,-323.3,529.9,28.1,
,,,,,,,SOLO,1787970745936,Sat Aug 29 2026 02:32:25 GMT+0000 (UTC),0,,,5,-17.4,-129.6,544,27.6,
,,,,,,,SOLO,1787970807816,Sat Aug 29 2026 02:33:27 GMT+0000 (UTC),0,,,V,19.9,-64.8,545,27.4,
,,,,,,,SOLO,1787970872028,Sat Aug 29 2026 02:34:32 GMT+0000 (UTC),0,,,V,9.3,-20.9,541.6,26.8,
,,,,,,,SOLO,1787970926942,Sat Aug 29 2026 02:35:26 GMT+0000 (UTC),0,,,5,-64.1,53.1,551.9,27,
,,,,,,,SOLO,1787970961316,Sat Aug 29 2026 02:36:01 GMT+0000 (UTC),0,,,4,152.2,-31.8,543.1,26.8,
,,,,,,,SOLO,1787971000290,Sat Aug 29 2026 02:36:40 GMT+0000 (UTC),0,,,5,-98.5,28.9,540.4,26.5,
,,,,,,,SOLO,1787971056583,Sat Aug 29 2026 02:37:36 GMT+0000 (UTC),0,,,5,62.1,-58.2,543.3,26.3,
,,,,,,,SOLO,1787971105459,Sat Aug 29 2026 02:38:25 GMT+0000 (UTC),0,,,V,2.5,-7.4,544.9,26.4,
,,,,,,,SOLO,1787971141255,Sat Aug 29 2026 02:39:01 GMT+0000 (UTC),0,,,V,-42.9,8,549,26.6,
,,,,,,,SOLO,1787971184739,Sat Aug 29 2026 02:39:44 GMT+0000 (UTC),0,,,V,38.8,-57.8,541.3,26.7,
,,,,,,,SOLO,1787971228456,Sat Aug 29 2026 02:40:28 GMT+0000 (UTC),0,,,V,-48.2,15.2,547,26.8,
,,,,,,,SOLO,1787971269779,Sat Aug 29 2026 02:41:09 GMT+0000 (UTC),0,,,V,29.9,-31.8,544.6,26.9,
,,,,,,,SOLO,1787971302607,Sat Aug 29 2026 02:41:42 GMT+0000 (UTC),0,,,V,-6.1,-32.7,537.8,26.3,
,,,,,,,SOLO,1787971336541,Sat Aug 29 2026 02:42:16 GMT+0000 (UTC),0,,,V,-28.8,-53.3,550.6,26.6,
,,,,,,,SOLO,1787971386876,Sat Aug 29 2026 02:43:06 GMT+0000 (UTC),0,,,5,-45.5,-73,553.9,26.7,
,,,,,,,SOLO,1787971416563,Sat Aug 29 2026 02:43:36 GMT+0000 (UTC),0,,,5,34.5,-72.1,549.7,26.8,
,,,,,,,SOLO,1787971451671,Sat Aug 29 2026 02:44:11 GMT+0000 (UTC),0,,,4,-70.7,-142.2,545.8,26.7,
,,,,,,,SOLO,1787971501244,Sat Aug 29 2026 02:45:01 GMT+0000 (UTC),0,,,V,-40.8,-23,547.2,26.8,
,,,,,,,SOLO,1787971542649,Sat Aug 29 2026 02:45:42 GMT+0000 (UTC),0,,,V,39.3,16.7,554.7,26.9,
,,,,,,,SOLO,1787971585836,Sat Aug 29 2026 02:46:25 GMT+0000 (UTC),0,,,V,-21.9,27,541.4,26.8,
,,,,,,,SOLO,1787971642877,Sat Aug 29 2026 02:47:22 GMT+0000 (UTC),0,,,5,102,6,545.6,26.6,
